Date,Actual Sales,Forecast Sales,Forecast Lower,Forecast Upper
2015-01-01,2069.8700562,,,
2015-01-02,926.8400192600001,,,
2015-01-03,2081.7800255,,,
2015-01-04,2235.75000957,,,
2015-01-05,1610.84002682,,,
2015-01-06,1807.69003669,,,
2015-01-07,2009.8400421,,,
2015-01-08,1049.9500122,,,
2015-01-09,1444.8400268,,,
2015-01-10,1654.80004498,,,
2015-01-11,1911.8300322999999,,,
2015-01-12,2409.8600198,,,
2015-01-13,1464.7700119,,,
2015-01-14,2690.8000335799998,,,
2015-01-15,1549.83002472,,,
2015-01-16,1069.87000276,,,
2015-01-17,2669.7100677999997,,,
2015-01-18,2049.7800293,,,
2015-01-19,979.9500122,,,
2015-01-20,2887.7900353200002,,,
2015-01-21,1839.67002468,,,
2015-01-22,949.9100037000001,,,
2015-01-23,2033.8400383,,,
2015-01-24,1734.8200378,,,
2015-01-25,1039.90000538,,,
2015-01-26,1589.7500113400001,,,
2015-01-27,344.9300003,,,
2015-01-28,809.8900146,,,
2015-01-29,909.9600068,,,
2015-01-30,2040.8900299,,,
2015-01-31,599.93001174,,,
2015-02-01,599.9000091,,,
2015-02-02,2196.85004426,,,
2015-02-03,1385.87002948,,,
2015-02-04,1139.8400040000001,,,
2015-02-05,1523.8600312,,,
2015-02-06,1723.76002687,,,
2015-02-07,1659.79003906,,,
2015-02-08,1027.8900299,,,
2015-02-09,721.9000091,,,
2015-02-10,1712.85002705,,,
2015-02-11,1553.7900352,,,
2015-02-12,1603.8800354,,,
2015-02-13,800.95001222,,,
2015-02-14,653.9400024,,,
2015-02-15,2837.71006786,,,
2015-02-16,1911.85004044,,,
2015-02-17,2375.8700409,,,
2015-02-18,609.9100189000001,,,
2015-02-19,1429.8900071,,,
2015-02-20,1893.81003568,,,
2015-02-21,3463.6000671,,,
2015-02-22,909.85001754,,,
2015-02-23,1669.8400268999999,,,
2015-02-24,1009.9300079,,,
2015-02-25,1783.72002402,,,
2015-02-26,2517.77008064,,,
2015-02-27,1275.87003326,,,
2015-02-28,2211.72001642,,,
2015-03-01,1249.8800048,,,
2015-03-02,2929.6900787,,,
2015-03-03,1249.8200225599999,,,
2015-03-04,4179.64009096,,,
2015-03-05,407.91000362,,,
2015-03-06,2967.7800713799998,,,
2015-03-07,1609.80004116,,,
2015-03-08,2075.75006114,,,
2015-03-09,1649.820015,,,
2015-03-10,1109.8800392599999,,,
2015-03-11,1929.70006556,,,
2015-03-12,2934.75007258,,,
2015-03-13,2554.86005412,,,
2015-03-14,1189.85000998,,,
2015-03-15,2299.7900467,,,
2015-03-16,2041.7800446,,,
2015-03-17,1589.7900467,,,
2015-03-18,599.9599915,,,
2015-03-19,799.9500122,,,
2015-03-20,1766.85003853,,,
2015-03-21,1251.86001592,,,
2015-03-22,2659.76006322,,,
2015-03-23,740.980011,,,
2015-03-24,1044.90001867,,,
2015-03-25,524.93001174,,,
2015-03-26,1314.9200286999999,,,
2015-03-27,989.9500122,,,
2015-03-28,2384.74001301,,,
2015-03-29,1639.8600234599999,,,
2015-03-30,3129.63005446,,,
2015-03-31,929.8900146,,,
2015-04-01,449.93001174,,,
2015-04-02,717.96001436,,,
2015-04-03,2794.7000426,,,
2015-04-04,899.9000091,,,
2015-04-05,1093.89002228,,,
2015-04-06,989.8500290000001,,,
2015-04-07,1084.8900260799999,,,
2015-04-08,1884.81003572,,,
2015-04-09,4069.67009736,,,
2015-04-10,3040.73007206,,,
2015-04-11,339.9600067,,,
2015-04-12,2989.68005746,,,
2015-04-13,2810.78004461,,,
2015-04-14,1659.8400421000001,,,
2015-04-15,1319.88003546,,,
2015-04-16,2224.81005862,,,
2015-04-17,3206.68006701,,,
2015-04-18,2603.80004886,,,
2015-04-19,1959.90003206,,,
2015-04-20,2049.85004808,,,
2015-04-21,540.9499969,,,
2015-04-22,539.96001054,,,
2015-04-23,2483.74004764,,,
2015-04-24,949.9300232,,,
2015-04-25,2109.77003858,,,
2015-04-26,1689.88003546,,,
2015-04-27,2309.73004524,,,
2015-04-28,879.8800049,,,
2015-04-29,1817.84003834,,,
2015-04-30,2393.6800613,,,
2015-05-01,154.9900055,,,
2015-05-02,1401.9000091,,,
2015-05-03,822.9100113,,,
2015-05-04,2266.7400284,,,
2015-05-05,879.93002708,,,
2015-05-06,2589.78007516,,,
2015-05-07,3294.6000518,,,
2015-05-08,1924.7800445,,,
2015-05-09,2159.87002566,,,
2015-05-10,1288.9400177,,,
2015-05-11,1173.90002828,,,
2015-05-12,1951.84002684,,,
2015-05-13,691.9800034,,,
2015-05-14,1533.8100279999999,,,
2015-05-15,1824.81003566,,,
2015-05-16,1155.83002866,,,
2015-05-17,2329.69003296,,,
2015-05-18,1189.85002906,,,
2015-05-19,1384.87002562,,,
2015-05-20,293.9600067,,,
2015-05-21,299.9500122,,,
2015-05-22,1639.80004886,,,
2015-05-23,2739.6900329,,,
2015-05-24,929.9200211,,,
2015-05-25,1782.81002042,,,
2015-05-26,1369.91002656,,,
2015-05-27,2209.82001116,,,
2015-05-28,3338.7300491,,,
2015-05-29,1799.8700256,,,
2015-05-30,2718.7100180400003,,,
2015-05-31,379.9900055,,,
2015-06-01,701.94001197,,,
2015-06-02,2913.68005,,,
2015-06-03,1359.7300491400001,,,
2015-06-04,3820.56008142,,,
2015-06-05,1244.85000984,,,
2015-06-06,1554.78000646,,,
2015-06-07,3577.75004196,,,
2015-06-08,2019.77002706,,,
2015-06-09,1707.8800201,,,
2015-06-10,2151.84005933,,,
2015-06-11,1659.84003078,,,
2015-06-12,1596.79005245,,,
2015-06-13,1134.9400329999999,,,
2015-06-14,889.9600143600001,,,
2015-06-15,3689.57004173,,,
2015-06-16,2269.77004246,,,
2015-06-17,2677.69005964,,,
2015-06-18,2379.6600569800003,,,
2015-06-19,2199.78005216,,,
2015-06-20,1729.8300172,,,
2015-06-21,1789.8100129,,,
2015-06-22,1507.8400193,,,
2015-06-23,400.0,,,
2015-06-24,1583.8600235000001,,,
2015-06-25,699.90001676,,,
2015-06-26,2599.72004314,,,
2015-06-27,847.8900146,,,
2015-06-28,1669.79004288,,,
2015-06-29,2414.77003094,,,
2015-06-30,4716.67012032,,,
2015-07-01,1178.9199982,,,
2015-07-02,1185.83003242,,,
2015-07-03,1639.83000946,,,
2015-07-04,734.9400177,,,
2015-07-05,2759.82007994,,,
2015-07-06,439.95001608,,,
2015-07-07,3114.76005743,,,
2015-07-08,599.9400178,,,
2015-07-09,249.97000889999998,,,
2015-07-10,1609.87003708,,,
2015-07-11,2099.7400398,,,
2015-07-12,1489.8900299,,,
2015-07-13,1330.79003335,,,
2015-07-14,2563.76007086,,,
2015-07-15,711.9900055,,,
2015-07-16,939.89000708,,,
2015-07-17,3093.7700578,,,
2015-07-18,1609.80001832,,,
2015-07-19,1857.80000698,,,
2015-07-20,919.9400100600001,,,
2015-07-21,869.90999988,,,
2015-07-22,2138.73002622,,,
2015-07-23,2759.7600708,,,
2015-07-24,1369.84003064,,,
2015-07-25,931.86001966,,,
2015-07-26,1034.8600082,,,
2015-07-27,1351.86001973,,,
2015-07-28,1265.8400268,,,
2015-07-29,2554.72001636,,,
2015-07-30,1179.9700165,,,
2015-07-31,2359.8200531,,,
2015-08-01,1029.89003756,,,
2015-08-02,5109.4901543999995,,,
2015-08-03,959.9200134,,,
2015-08-04,2279.8200684,,,
2015-08-05,1675.83003238,,,
2015-08-06,1361.90003397,,,
2015-08-07,3379.61007684,,,
2015-08-08,1149.89999392,,,
2015-08-09,2347.84004594,,,
2015-08-10,2594.6300583,,,
2015-08-11,870.89000708,,,
2015-08-12,2119.84005358,,,
2015-08-13,2609.6300658,,,
2015-08-14,2414.70005412,,,
2015-08-15,2137.8900376,,,
2015-08-16,1429.9300232,,,
2015-08-17,1419.77001946,,,
2015-08-18,1111.96001818,,,
2015-08-19,4099.60009762,,,
2015-08-20,2433.77006154,,,
2015-08-21,2125.8000374,,,
2015-08-22,1579.86002356,,,
2015-08-23,2524.7300414,,,
2015-08-24,2389.7500305,,,
2015-08-25,1197.87003326,,,
2015-08-26,2621.8400422,,,
2015-08-27,2497.8100433,,,
2015-08-28,2589.67002098,,,
2015-08-29,3604.66008374,,,
2015-08-30,1884.8200569599999,,,
2015-08-31,1009.8000202200001,,,
2015-09-01,1359.8800086400001,,,
2015-09-02,719.9100189000001,,,
2015-09-03,3687.570053,,,
2015-09-04,1709.83003614,,,
2015-09-05,3442.73008348,,,
2015-09-06,1693.89002608,,,
2015-09-07,2241.78004466,,,
2015-09-08,889.86001968,,,
2015-09-09,1449.8800201,,,
2015-09-10,901.9700164999999,,,
2015-09-11,4953.52006524,,,
2015-09-12,3018.62006004,,,
2015-09-13,1819.82004164,,,
2015-09-14,2424.78004842,,,
2015-09-16,3113.72008146,,,
2015-09-17,3629.68007296,,,
2015-09-18,3804.63008888,,,
2015-09-19,2289.8200532,,,
2015-09-20,2869.71006021,,,
2015-09-21,2919.77006153,,,
2015-09-22,3215.6400834,,,
2015-09-23,3894.56003938,,,
2015-09-24,3464.7200547,,,
2015-09-25,1194.8800354,,,
2015-09-26,1381.9200059,,,
2015-09-27,1419.8400268,,,
2015-09-28,249.97000889999998,,,
2015-09-29,1553.8200302,,,
2015-09-30,3096.77006914,,,
2015-10-01,1689.8100357600001,,,
2015-10-02,914.9299965800001,,,
2015-10-03,1404.71000288,,,
2015-10-04,1349.78002543,,,
2015-10-05,1937.8100357399999,,,
2015-10-06,1003.890007,,,
2015-10-07,3719.7600709,,,
2015-10-08,1995.77005396,,,
2015-10-09,1617.8800507,,,
2015-10-10,1669.7900467,,,
2015-10-11,2694.71001808,,,
2015-10-12,2909.7600518,,,
2015-10-13,3038.72006618,,,
2015-10-14,1859.89004904,,,
2015-10-15,3755.70004473,,,
2015-10-16,2519.8500367,,,
2015-10-17,1470.9100189,,,
2015-10-18,2069.9000397,,,
2015-10-19,1479.79003136,,,
2015-10-20,2649.77005,,,
2015-10-21,2539.87004858,,,
2015-10-22,919.90001682,,,
2015-10-23,2127.89004904,,,
2015-10-24,2661.7600555,,,
2015-10-25,2494.70003126,,,
2015-10-26,245.9900055,,,
2015-10-27,2929.7700196,,,
2015-10-28,2695.7700615,,,
2015-10-29,744.91001317,,,
2015-10-30,2874.83002094,,,
2015-10-31,2281.76004595,,,
2015-11-01,1417.90003588,,,
2015-11-02,2389.7800598,,,
2015-11-03,573.95000462,,,
2015-11-04,775.9000244,,,
2015-11-05,671.9400177,,,
2015-11-06,3579.61006543,,,
2015-11-07,3999.68010718,,,
2015-11-08,3965.65011229,,,
2015-11-09,2824.76007846,,,
2015-11-10,2703.76006316,,,
2015-11-11,739.91003038,,,
2015-11-12,4054.38009067,,,
2015-11-13,4343.71006034,,,
2015-11-14,799.89002228,,,
2015-11-15,2805.69006921,,,
2015-11-16,2519.69007872,,,
2015-11-17,3534.59006868,,,
2015-11-18,2439.83005908,,,
2015-11-19,7383.31011968,,,
2015-11-20,1574.88002967,,,
2015-11-21,3655.70009238,,,
2015-11-22,1323.9000283,,,
2015-11-23,2161.89001846,,,
2015-11-24,3415.6600799,,,
2015-11-25,4333.58009725,,,
2015-11-26,2118.69004625,,,
2015-11-27,2194.84007081,,,
2015-11-28,2749.7100373,,,
2015-11-29,5289.61013428,,,
2015-11-30,939.9000168,,,
2015-12-01,3217.6900901999998,,,
2015-12-02,1640.82000722,,,
2015-12-03,2390.74003602,,,
2015-12-04,579.9700164999999,,,
2015-12-05,2285.83007438,,,
2015-12-06,3375.7000771,,,
2015-12-07,1544.91000754,,,
2015-12-08,2734.77005768,,,
2015-12-09,3276.61010935,,,
2015-12-10,2958.77005782,,,
2015-12-11,1804.830017,,,
2015-12-12,1722.91003038,,,
2015-12-13,4124.57010274,,,
2015-12-14,2229.7500687,,,
2015-12-15,3474.65005506,,,
2015-12-16,4034.80008515,,,
2015-12-17,2045.8300629,,,
2015-12-18,2506.7800636399998,,,
2015-12-19,3239.58008384,,,
2015-12-20,2459.84005368,,,
2015-12-21,4089.65011415,,,
2015-12-22,1584.88004688,,,
2015-12-23,3209.77008062,,,
2015-12-24,2399.77001578,,,
2015-12-25,2583.8200837,,,
2015-12-26,4159.53008638,,,
2015-12-27,3101.77005006,,,
2015-12-28,3595.69007882,,,
2015-12-29,819.9100113,,,
2015-12-30,2668.7400551,,,
2015-12-31,3939.67010313,,,
2016-01-01,2546.7200508299998,,,
2016-01-02,3706.66009335,,,
2016-01-03,1541.8000488,,,
2016-01-04,3441.64005473,,,
2016-01-05,3051.7700672299998,,,
2016-01-06,1649.8500366,,,
2016-01-07,3899.60008815,,,
2016-01-08,1724.8600464,,,
2016-01-09,1471.88001634,,,
2016-01-10,1369.7900238,,,
2016-01-11,1549.8800507,,,
2016-01-12,3149.8000641,,,
2016-01-13,2800.72005086,,,
2016-01-14,3937.60007663,,,
2016-01-15,1189.90002058,,,
2016-01-16,3909.6000976200003,,,
2016-01-17,2367.7500419,,,
2016-01-18,839.91003038,,,
2016-01-19,1304.89003374,,,
2016-01-20,2059.80005264,,,
2016-01-21,1449.8100433,,,
2016-01-22,1527.7900314,,,
2016-01-23,2147.77002717,,,
2016-01-24,2769.7900468,,,
2016-01-25,1549.8300476,,,
2016-01-26,3119.49008172,,,
2016-01-27,2493.7900696,,,
2016-01-28,841.88000293,,,
2016-01-29,1559.8600579,,,
2016-01-30,2653.69005586,,,
2016-01-31,3010.61008066,,,
2016-02-01,939.8600311,,,
2016-02-02,1649.83005908,,,
2016-02-03,1959.76005168,,,
2016-02-04,1869.8100433,,,
2016-02-05,874.93001562,,,
2016-02-06,1659.85001752,,,
2016-02-07,1378.8600311,,,
2016-02-08,911.9000244399999,,,
2016-02-09,1936.80002596,,,
2016-02-10,1565.8700371,,,
2016-02-11,2859.6300812,,,
2016-02-12,1719.89004904,,,
2016-02-13,1217.84002685,,,
2016-02-14,1039.88002396,,,
2016-02-15,634.9500217699999,,,
2016-02-16,2012.77004618,,,
2016-02-17,1641.80001832,,,
2016-02-18,1069.9200286999999,,,
2016-02-19,2509.6700516,,,
2016-02-20,3222.72007756,,,
2016-02-21,409.9499969,,,
2016-02-22,1609.8099937000002,,,
2016-02-23,2003.76004026,,,
2016-02-24,2099.86002543,,,
2016-02-25,2114.82006458,,,
2016-02-26,1445.71004483,,,
2016-02-27,1939.85005576,,,
2016-02-28,1138.81999584,,,
2016-02-29,2894.71006388,,,
2016-03-01,1173.8900299,,,
2016-03-02,1891.86003876,,,
2016-03-03,4694.49013916,,,
2016-03-04,1371.84001534,,,
2016-03-05,2441.7600632,,,
2016-03-06,209.9499969,,,
2016-03-07,899.90002828,,,
2016-03-08,969.9100189000001,,,
2016-03-09,1704.8000412000001,,,
2016-03-10,1477.90005118,,,
2016-03-11,759.960022,,,
2016-03-12,3255.69008075,,,
2016-03-13,639.90000151,,,
2016-03-14,1889.7200622,,,
2016-03-15,3049.60005375,,,
2016-03-16,725.9300079,,,
2016-03-17,689.9300155999999,,,
2016-03-18,2929.72006226,,,
2016-03-19,1139.90002828,,,
2016-03-21,1489.9100495,,,
2016-03-22,1634.8200226,,,
2016-03-23,669.93000408,,,
2016-03-24,1069.8800163,,,
2016-03-25,2245.78000248,,,
2016-03-26,2324.75006675,,,
2016-03-27,1263.8500213,,,
2016-03-28,1645.84004594,,,
2016-03-29,1874.81003568,,,
2016-03-30,2024.8200378,,,
2016-03-31,1894.77000231,,,
2016-04-01,2348.68005368,,,
2016-04-02,3296.640045,,,
2016-04-03,1484.84000593,,,
2016-04-04,899.88003544,,,
2016-04-05,874.84001534,,,
2016-04-06,1389.9100495,,,
2016-04-07,969.90002828,,,
2016-04-08,2044.72003926,,,
2016-04-09,1926.77004242,,,
2016-04-10,2214.75005718,,,
2016-04-11,2404.71006208,,,
2016-04-12,2043.85007868,,,
2016-04-13,2045.7100411000001,,,
2016-04-14,2522.71006205,,,
2016-04-15,2118.77006347,,,
2016-04-16,1134.83002657,,,
2016-04-17,1089.8500213,,,
2016-04-18,1901.78004454,,,
2016-04-19,1594.84004976,,,
2016-04-20,893.9100055700001,,,
2016-04-21,1474.8700333,,,
2016-04-22,1728.73003004,,,
2016-04-23,1879.8600578799999,,,
2016-04-24,1344.8300476,,,
2016-04-25,394.88999935,,,
2016-04-26,3019.7100792399997,,,
2016-04-27,674.9700089,,,
2016-04-28,2399.7700501,,,
2016-04-29,1669.84002298,,,
2016-04-30,1023.960022,,,
2016-05-01,2271.7600537099997,,,
2016-05-02,1007.8899993,,,
2016-05-03,2754.65008158,,,
2016-05-04,619.9800034,,,
2016-05-05,2925.7000809,,,
2016-05-06,2986.61005203,,,
2016-05-07,1203.92002876,,,
2016-05-08,3045.6400604,,,
2016-05-09,3385.73006834,,,
2016-05-10,1719.75004958,,,
2016-05-11,1268.94001963,,,
2016-05-12,2063.74005699,,,
2016-05-13,678.9000091,,,
2016-05-14,559.9300232,,,
2016-05-15,1709.78002172,,,
2016-05-16,2844.75005336,,,
2016-05-17,1874.8500365999998,,,
2016-05-18,1119.8500174800001,,,
2016-05-19,1688.83003242,,,
2016-05-20,1456.83002468,,,
2016-05-21,1469.86002728,,,
2016-05-22,1269.9000168,,,
2016-05-23,1764.80004128,,,
2016-05-24,2029.86006558,,,
2016-05-25,1239.9000244,,,
2016-05-26,1149.86003116,,,
2016-05-27,2879.69006346,,,
2016-05-28,1122.90001867,,,
2016-05-29,990.82001295,,,
2016-05-30,1231.8300324,,,
2016-05-31,2866.63005052,,,
2016-06-01,871.90001296,,,
2016-06-02,1545.7100333600001,,,
2016-06-03,799.9300270399999,,,
2016-06-04,1919.81004332,,,
2016-06-05,338.0,,,
2016-06-06,481.96001054,,,
2016-06-07,534.95000456,,,
2016-06-08,589.9100189000001,,,
2016-06-09,534.9600067,,,
2016-06-10,1724.820015,,,
2016-06-11,682.97000886,,,
2016-06-12,1029.9100266,,,
2016-06-13,1247.8700333,,,
2016-06-14,809.84001345,,,
2016-06-15,1961.8600693600001,,,
2016-06-16,659.97000508,,,
2016-06-17,1069.8900223,,,
2016-06-18,1999.7600479,,,
2016-06-19,1499.83003614,,,
2016-06-20,1044.89002801,,,
2016-06-21,669.9499969,,,
2016-06-22,2169.8200530999998,,,
2016-06-23,1629.81003186,,,
2016-06-24,874.9700089,,,
2016-06-25,854.83001323,,,
2016-06-26,3661.59004765,,,
2016-06-27,949.9300079,,,
2016-06-28,1229.8700409,,,
2016-06-29,839.91002656,,,
2016-06-30,1104.9300233,,,
2016-07-01,2937.57006822,,,
2016-07-02,1880.86005406,,,
2016-07-03,1699.7700042000001,,,
2016-07-04,1631.8200378,,,
2016-07-05,967.87003332,,,
2016-07-06,1932.75004578,,,
2016-07-07,2159.79004284,,,
2016-07-08,699.93002704,,,
2016-07-09,1698.84004976,,,
2016-07-10,1319.88003542,,,
2016-07-11,1109.9100189,,,
2016-07-12,329.9600067,,,
2016-07-13,169.97000122,,,
2016-07-14,1136.89003756,,,
2016-07-15,1434.83004,,,
2016-07-16,1065.90001682,,,
2016-07-17,334.95001221999996,,,
2016-07-18,629.9200134,,,
2016-07-19,1104.8900299,,,
2016-07-20,1258.83003618,,,
2016-07-21,2095.79003526,,,
2016-07-22,1515.81002806,,,
2016-07-23,586.94001388,,,
2016-07-24,1259.87002566,,,
2016-07-25,1869.87004856,,,
2016-07-26,1194.9100074799999,,,
2016-07-27,2284.66004556,,,
2016-07-28,2214.77006538,,,
2016-07-29,825.93003086,,,
2016-07-30,1785.88002398,,,
2016-07-31,909.9000244,,,
2016-08-01,755.9200287,,,
2016-08-02,756.90999978,,,
2016-08-03,1333.8700218,,,
2016-08-04,1069.8800201,,,
2016-08-05,939.9300232,,,
2016-08-06,579.93000219,,,
2016-08-07,1315.87003326,,,
2016-08-08,1109.8600311,,,
2016-08-09,1598.93001938,,,
2016-08-10,911.9300270399999,,,
2016-08-11,2059.7900505,,,
2016-08-12,2729.75003044,,,
2016-08-13,1354.90003588,,,
2016-08-14,679.91000365,,,
2016-08-15,259.96999738,,,
2016-08-16,1799.8800354,,,
2016-08-17,2164.7700538999998,,,
2016-08-18,1231.8500060000001,,,
2016-08-19,1418.90005118,,,
2016-08-20,2813.71005252,,,
2016-08-21,571.9500122,,,
2016-08-22,1104.9000244,,,
2016-08-23,1009.980011,,,
2016-08-24,2421.63006582,,,
2016-08-25,2442.8000488,,,
2016-08-26,831.88000673,,,
2016-08-27,2190.64006615,,,
2016-08-28,59.99000168,,,
2016-08-29,1059.9400177,,,
2016-08-30,3863.5600968,,,
2016-08-31,2802.66004936,,,
2016-09-01,1358.81002428,,,
2016-09-02,1084.85000224,,,
2016-09-03,2519.70006568,,,
2016-09-04,934.85002132,,,
2016-09-05,759.9000244,,,
2016-09-06,3137.67005721,,,
2016-09-07,1983.74000938,,,
2016-09-08,1368.8900147,,,
2016-09-09,1449.83002854,,,
2016-09-10,1174.8900299,,,
2016-09-11,639.90001681,,,
2016-09-12,1019.9600144,,,
2016-09-13,201.9700012,,,
2016-09-14,1109.91001892,,,
2016-09-15,1454.79002754,,,
2016-09-16,3461.6600267,,,
2016-09-17,1952.84002692,,,
2016-09-18,3411.59008402,,,
2016-09-19,569.8900223,,,
2016-09-20,993.87002562,,,
2016-09-21,673.94001394,,,
2016-09-22,809.8700065400001,,,
2016-09-23,1619.8600464,,,
2016-09-24,1741.80003175,,,
2016-09-25,359.99000168,,,
2016-09-26,1549.81000506,,,
2016-09-27,1769.8000335,,,
2016-09-28,1991.7900352,,,
2016-09-29,3584.5499876100002,,,
2016-09-30,827.9599991,,,
2016-10-01,1019.90000544,,,
2016-10-02,1654.8200072,,,
2016-10-03,2787.67001356,,,
2016-10-04,834.87001032,,,
2016-10-05,1039.88002015,,,
2016-10-06,2334.68002704,,,
2016-10-07,1159.94001776,,,
2016-10-08,2127.76006698,,,
2016-10-09,2264.71002962,,,
2016-10-10,2276.79002008,,,
2016-10-11,2296.77003088,,,
2016-10-12,633.92000576,,,
2016-10-13,2099.84006888,,,
2016-10-14,1087.90999984,,,
2016-10-15,1161.8300018,,,
2016-10-16,1249.82002634,,,
2016-10-17,1203.8300323,,,
2016-10-18,221.9499969,,,
2016-10-19,889.8600083,,,
2016-10-20,1509.89003756,,,
2016-10-21,1709.85004808,,,
2016-10-22,1142.82002833,,,
2016-10-23,2493.70004262,,,
2016-10-24,2729.780037,,,
2016-10-25,2165.78002168,,,
2016-10-26,1275.8400077000001,,,
2016-10-27,1607.80002211,,,
2016-10-28,949.91003038,,,
2016-10-29,1571.7800369,,,
2016-10-30,1674.7700500400001,,,
2016-10-31,1299.8100014,,,
2016-11-01,1209.8300285,,,
2016-11-02,999.8900146,,,
2016-11-03,2450.76005552,,,
2016-11-04,404.9900055,,,
2016-11-05,1129.91001136,,,
2016-11-06,1644.76002118,,,
2016-11-07,2389.7900086600002,,,
2016-11-08,1557.8899842,,,
2016-11-09,2149.92002488,,,
2016-11-10,794.95001608,,,
2016-11-11,1394.84004212,,,
2016-11-12,1297.90000914,,,
2016-11-13,1323.75001522,,,
2016-11-14,849.8999939,,,
2016-11-15,2789.66004932,,,
2016-11-16,2259.8400344799998,,,
2016-11-17,1834.81005287,,,
2016-11-18,1534.78003304,,,
2016-11-19,1919.86002346,,,
2016-11-20,2131.80003553,,,
2016-11-21,1209.91002662,,,
2016-11-22,1539.78001023,,,
2016-11-23,1489.8800201,,,
2016-11-24,1469.8400268,,,
2016-11-25,2139.6400527,,,
2016-11-26,954.94001006,,,
2016-11-27,619.8800125,,,
2016-11-28,2309.76006125,,,
2016-11-29,1709.8700256,,,
2016-11-30,1685.76003268,,,
2016-12-01,1839.8200226,,,
2016-12-02,1014.9200134,,,
2016-12-03,2539.73007972,,,
2016-12-04,1455.70002352,,,
2016-12-05,729.9100189000001,,,
2016-12-06,3187.65009314,,,
2016-12-07,2149.90003206,,,
2016-12-08,1241.81000707,,,
2016-12-09,1049.9200286999999,,,
2016-12-10,4149.67010118,,,
2016-12-11,1289.85998158,,,
2016-12-12,259.980011,,,
2016-12-13,1473.8700256,,,
2016-12-14,1159.81001471,,,
2016-12-15,1177.8400268999999,,,
2016-12-16,1644.8300437799999,,,
2016-12-17,2109.85004432,,,
2016-12-18,913.8800315799999,,,
2016-12-19,2509.6800536,,,
2016-12-20,639.96000288,,,
2016-12-21,885.8400154,,,
2016-12-22,467.95000838,,,
2016-12-23,2989.7200775,,,
2016-12-24,1347.8400116,,,
2016-12-25,1969.7900277200001,,,
2016-12-26,815.96000867,,,
2016-12-27,1369.82001118,,,
2016-12-28,1947.7400245000001,,,
2016-12-29,2031.6900481,,,
2016-12-30,1189.86999898,,,
2016-12-31,1720.8700409,,,
2017-01-01,659.95000838,,,
2017-01-02,1099.89000698,,,
2017-01-03,1297.8800279,,,
2017-01-05,3059.70006375,,,
2017-01-06,984.8600311,,,
2017-01-07,239.9600067,,,
2017-01-08,2709.70006938,,,
2017-01-09,1629.8800277999999,,,
2017-01-10,1599.83003996,,,
2017-01-11,1291.8600464,,,
2017-01-12,1224.82002443,,,
2017-01-13,887.9000244599999,,,
2017-01-14,979.8800049,,,
2017-01-15,384.94000242000004,,,
2017-01-16,1254.870018,,,
2017-01-17,1139.89002231,,,
2017-01-18,2947.7100754,,,
2017-01-19,509.91999812,,,
2017-01-20,2223.76005562,,,
2017-01-21,1149.88003928,,,
2017-01-22,1029.88002776,,,
2017-01-23,1348.77002517,,,
2017-01-24,1214.8800201,,,
2017-01-25,565.9000091,,,
2017-01-26,1473.79004284,,,
2017-01-27,1941.7800142,,,
2017-01-28,727.89002423,,,
2017-01-29,879.90998845,,,
2017-01-30,1501.8600388,,,
2017-01-31,454.9400024,,,
2017-02-01,1669.8500213,,,
2017-02-02,1504.91003038,,,
2017-02-03,2464.77002334,,,
2017-02-04,489.97000504,,,
2017-02-05,1519.8400268999999,,,
2017-02-06,1964.7500343,,,
2017-02-07,1539.76002116,,,
2017-02-08,1807.7600326000002,,,
2017-02-09,2475.79004284,,,
2017-02-10,2491.62004096,,,
2017-02-11,649.8900184400001,,,
2017-02-12,354.9400024,,,
2017-02-13,1534.85003662,,,
2017-02-14,729.9400024,,,
2017-02-15,2845.60007088,,,
2017-02-16,1292.84000396,,,
2017-02-17,1759.82003016,,,
2017-02-18,2266.7700424,,,
2017-02-19,2789.70002742,,,
2017-02-20,3329.65004354,,,
2017-02-21,2246.65004737,,,
2017-02-22,2848.6800384,,,
2017-02-23,2109.76004036,,,
2017-02-24,1539.8000221,,,
2017-02-25,1969.7600402,,,
2017-02-26,1844.8200302999999,,,
2017-02-27,1474.7600402,,,
2017-02-28,1589.8300208800001,,,
2017-03-01,2066.8100051,,,
2017-03-02,1822.7600365399999,,,
2017-03-03,1979.82003416,,,
2017-03-04,314.9300079,,,
2017-03-05,1265.8500174800001,,,
2017-03-06,2309.78002538,,,
2017-03-07,1998.74002458,,,
2017-03-08,1824.8200035,,,
2017-03-09,2120.68004598,,,
2017-03-10,136.93999862,,,
2017-03-11,1139.8400421000001,,,
2017-03-12,555.90001676,,,
2017-03-13,1624.82000736,,,
2017-03-14,319.9800034,,,
2017-03-15,1399.8400268,,,
2017-03-16,2869.7900696,,,
2017-03-17,1929.7300339,,,
2017-03-18,1229.8200378,,,
2017-03-19,1134.88003542,,,
2017-03-20,1575.8900299,,,
2017-03-21,799.91001128,,,
2017-03-22,2041.8400498,,,
2017-03-23,1919.8400231,,,
2017-03-24,1059.9200286999999,,,
2017-03-25,1361.89002996,,,
2017-03-26,1759.91001892,,,
2017-03-27,1459.91001892,,,
2017-03-28,859.8399885599999,,,
2017-03-29,1619.8299942600001,,,
2017-03-30,1439.76000578,,,
2017-03-31,1377.79999922,,,
2017-04-01,2789.73007588,,,
2017-04-02,1604.80002586,,,
2017-04-03,1719.7600249,,,
2017-04-04,867.8700180000001,,,
2017-04-05,1900.73003378,,,
2017-04-06,579.9000168,,,
2017-04-07,2089.71003338,,,
2017-04-08,4024.55007176,,,
2017-04-09,1029.94000628,,,
2017-04-10,759.9200287,,,
2017-04-11,1049.83002466,,,
2017-04-12,1514.8000335000002,,,
2017-04-13,734.89999766,,,
2017-04-14,2054.80003356,,,
2017-04-15,1134.85001758,,,
2017-04-16,1292.79003142,,,
2017-04-17,3319.74005886,,,
2017-04-18,539.9100189000001,,,
2017-04-19,1339.77003088,,,
2017-04-20,2203.71006772,,,
2017-04-21,949.9500122,,,
2017-04-22,2803.6600151000002,,,
2017-04-23,1439.86000826,,,
2017-04-24,1729.79004666,,,
2017-04-25,1179.8899841,,,
2017-04-26,1089.8800049000001,,,
2017-04-27,1059.9100342,,,
2017-04-28,1479.85001376,,,
2017-04-29,1449.88004688,,,
2017-04-30,1799.7600097,,,
2017-05-01,1499.8200455,,,
2017-05-02,2219.8000488,,,
2017-05-03,1249.8200225,,,
2017-05-04,1209.8700104,,,
2017-05-05,1939.7500419,,,
2017-05-06,989.8900146000001,,,
2017-05-07,2019.74004738,,,
2017-05-08,1499.81003948,,,
2017-05-09,1629.8900147,,,
2017-05-10,299.9700012,,,
2017-05-11,1349.9100189,,,
2017-05-12,849.9200057600001,,,
2017-05-13,1439.7400359,,,
2017-05-14,1129.7400054,,,
2017-05-15,2204.71002956,,,
2017-05-16,1479.82000722,,,
2017-05-17,1629.8200378000001,,,
2017-05-18,1109.93001556,,,
2017-05-19,1169.90001676,,,
2017-05-20,1479.82002266,,,
2017-05-21,589.9600067,,,
2017-05-22,2339.72004324,,,
2017-05-23,1159.8200226,,,
2017-05-24,219.95000838,,,
2017-05-25,3389.6500854,,,
2017-05-26,1899.7600402,,,
2017-05-27,1899.80004116,,,
2017-05-28,2049.7500534,,,
2017-05-29,1969.7400436,,,
2017-05-30,1299.79002386,,,
2017-05-31,829.9200134,,,
2017-06-01,1209.87004478,,,
2017-06-02,1209.9200286999999,,,
2017-06-03,1769.83004,,,
2017-06-04,1669.84003828,,,
2017-06-05,1584.87001036,,,
2017-06-06,1889.78005598,,,
2017-06-07,1346.91002274,,,
2017-06-08,589.92002112,,,
2017-06-09,1529.8700409,,,
2017-06-10,299.95000838,,,
2017-06-11,1289.8500213,,,
2017-06-12,1699.80002968,,,
2017-06-13,589.9400100600001,,,
2017-06-14,1859.80004882,,,
2017-06-15,2569.77003472,,,
2017-06-16,839.88002776,,,
2017-06-17,769.92002488,,,
2017-06-18,1289.85000238,,,
2017-06-19,499.9500122,,,
2017-06-20,979.9200211,,,
2017-06-21,2699.6800309,,,
2017-06-22,1149.9299927,,,
2017-06-23,2129.76001364,,,
2017-06-24,1109.87998578,,,
2017-06-25,1369.83002858,,,
2017-06-26,1489.8900147,,,
2017-06-27,1519.8100433,,,
2017-06-28,2889.6800536,,,
2017-06-29,619.9300232,,,
2017-06-30,1889.7800064,,,
2017-07-01,1959.80000312,,,
2017-07-02,1219.8700217800001,,,
2017-07-03,1614.8600388,,,
2017-07-04,619.9800034,,,
2017-07-05,1499.65999988,,,
2017-07-06,2149.79001998,,,
2017-07-07,119.9700012,,,
2017-07-08,679.9700164999999,,,
2017-07-09,1119.92002488,,,
2017-07-10,1859.7800445,,,
2017-07-11,1009.89001466,,,
2017-07-12,489.94001006,,,
2017-07-13,3579.68006136,,,
2017-07-14,529.9100189000001,,,
2017-07-15,1389.83002094,,,
2017-07-16,1629.75003438,,,
2017-07-17,1379.8000182,,,
2017-07-18,579.89001848,,,
2017-07-19,1269.8100052,,,
2017-07-20,1729.8200455,,,
2017-07-21,1128.92000586,,,
2017-07-22,1969.7400360000001,,,
2017-07-23,1679.7100066,,,
2017-07-24,2789.73003768,,,
2017-07-25,1179.87003332,,,
2017-07-26,1289.89001088,,,
2017-07-27,1459.84999856,,,
2017-07-28,979.9300232,,,
2017-07-29,2559.75006488,,,
2017-07-30,1549.8500366600001,,,
2017-07-31,1569.8000145,,,
2017-08-01,2189.7900162,,,
2017-08-02,2258.74004738,,,
2017-08-03,1279.89003374,,,
2017-08-04,1359.8900299,,,
2017-08-05,1419.82001878,,,
2017-08-06,629.96001818,,,
2017-08-07,2169.8399963,,,
2017-08-08,1389.84003446,,,
2017-08-09,1189.8600158,,,
2017-08-10,1299.8900146,,,
2017-08-11,649.9300003999999,,,
2017-08-12,739.9400177,,,
2017-08-13,1709.88001256,,,
2017-08-14,2139.8600311,,,
2017-08-15,1989.80005646,,,
2017-08-16,619.91001126,,,
2017-08-17,3089.6700936,,,
2017-08-18,1169.90001304,,,
2017-08-19,2019.7400589000001,,,
2017-08-20,1289.8900299,,,
2017-08-21,1369.9200286999999,,,
2017-08-22,979.9700164999999,,,
2017-08-24,978.9100189000001,,,
2017-08-25,839.93001938,,,
2017-08-26,2409.7900239,,,
2017-08-27,1629.9000320999999,,,
2017-08-28,599.9599915,,,
2017-08-29,259.99000168,,,
2017-08-30,1909.80003366,,,
2017-08-31,1689.8200226,,,
2017-09-01,2979.6500624600003,,,
2017-09-02,1639.8600311,,,
2017-09-03,519.9000168,,,
2017-09-04,1319.9200286999999,,,
2017-09-05,2279.7200165,,,
2017-09-06,1389.9100189,,,
2017-09-07,1158.92000576,,,
2017-09-08,979.8699874600001,,,
2017-09-09,2929.43006126,,,
2017-09-10,1459.76002492,,,
2017-09-11,2019.83000936,,,
2017-09-12,1379.93000796,,,
2017-09-13,2069.8200225,,,
2017-09-14,2449.78001024,,,
2017-09-15,4969.69995464,,,
2017-09-16,2559.8799895,,,
2017-09-17,1399.8300171,,,
2017-09-18,1769.8899840000001,,,
2017-09-19,519.89000696,,,
2017-09-20,169.9800034,,,
2017-09-21,1399.8800086400001,,,
2017-09-22,2509.8200074,,,
2017-09-23,1229.9400024000001,,,
2017-09-24,1669.84998306,,,
2017-09-25,3539.6500398,,,
2017-09-26,1259.94998926,,,
2017-09-27,2079.889984,,,
2017-09-28,1609.9299621,,,
2017-09-29,1649.8600158,,,
2017-09-30,1229.89000698,,,
2017-10-01,1289.8799897,,,
2017-10-02,1522.13000104,,,
2017-10-03,124.31999968,,,
2017-10-04,124.31999968,,,
2017-10-05,124.31999968,,,
2017-10-06,217.55999943999998,,,
2017-10-07,118.16000366,,,
2017-10-08,22.57999992,,,
2017-10-09,11.28999996,,,
2017-10-10,1808.160034,,,
2017-10-11,2260.2000425,,,
2017-10-12,2260.2000425,,,
2017-10-13,4068.3600765,,,
2017-10-14,3616.320068,,,
2017-10-15,1356.1200254999999,,,
2017-10-16,2712.2400509999998,,,
2017-10-17,2712.2400509999998,,,
2017-10-18,452.0400085,,,
2017-10-19,3213.9000548999998,,,
2017-10-20,1428.4000244,,,
2017-10-21,714.2000122,,,
2017-10-22,714.2000122,,,
2017-10-24,714.2000122,,,
2017-10-25,1071.3000183,,,
2017-10-26,4500.0,,,
2017-10-27,4500.0,,,
2017-10-28,1500.0,,,
2017-10-29,6000.0,,,
2017-10-30,6000.0,,,
2017-10-31,1752.8800049,,,
2017-11-01,2023.0400392,,,
2017-11-02,1011.5200196,,,
2017-11-03,1770.1600343,,,
2017-11-04,1220.1200257,,,
2017-11-05,2768.8800659999997,,,
2017-11-06,3230.360077,,,
2017-11-07,1087.3400268999999,,,
2017-11-08,328.7600098,,,
2017-11-09,986.2800293999999,,,
2017-11-10,657.5200196,,,
2017-11-11,986.2800293999999,,,
2017-11-12,1972.5600587999998,,,
2017-11-13,1065.1600342,,,
2017-11-14,4260.6401368,,,
2017-11-15,3728.0601196999996,,,
2017-11-16,4260.6401368,,,
2017-11-17,2130.3200684,,,
2017-11-18,1597.7400512999998,,,
2017-11-19,879.1200255,,,
2017-11-20,879.1200255,,,
2017-11-21,293.0400085,,,
2017-11-22,421.7000122,,,
2017-11-23,1686.8000488,,,
2017-11-24,1314.9000244000001,,,
2017-11-25,1563.8999634000002,,,
2017-11-26,1303.2499695000001,,,
2017-11-27,1563.8999634000002,,,
2017-11-28,1303.2499695000001,,,
2017-11-29,84.40000153,,,
2017-11-30,337.60000612,,,
2017-12-01,337.60000612,,,
2017-12-02,6068.30000306,,,
2017-12-03,22614.75,,,
2017-12-04,19009.5,,,
2017-12-08,39.75,,,
2017-12-09,119.25,,,
2017-12-10,318.0,,,
2017-12-11,159.0,,,
2017-12-12,863.2800292,,,
2017-12-13,1510.7400510999998,,,
2017-12-14,1079.1000365,,,
2017-12-15,431.6400146,,,
2017-12-16,124.31999968,,,
2017-12-17,124.31999968,,,
2017-12-18,354.48001098,,,
2017-12-19,208.48000334,,,
2017-12-20,33.869999879999995,,,
2017-12-21,2237.540039,,,
2017-12-22,1785.5000304999999,,,
2017-12-23,2214.2000122,,,
2017-12-24,6000.0,,,
2017-12-25,252.8800049,,,
2017-12-26,1175.8400268999999,,,
2017-12-27,3230.360077,,,
2017-12-28,2307.400055,,,
2017-12-29,461.480011,,,
2017-12-30,2010.3000489,,,
2017-12-31,1315.0400392,,,
2018-01-01,3195.4801025999996,,,
2018-01-02,532.5800171,,,
2018-01-03,879.1200255,,,
2018-01-04,210.8500061,,,
2018-01-05,1824.5499573000002,,,
2018-01-06,781.9499817000001,,,
2018-01-07,337.60000612,,,
2018-01-08,253.20000459,,,
2018-01-09,253.20000459,,,
2018-01-10,12707.70000459,,,
2018-01-11,22287.0,,,
2018-01-12,22614.75,,,
2018-01-13,11799.0,,,
2018-01-14,,3553.5637638158896,1667.801810110193,5348.783247135272
2018-01-15,,3519.891667075931,1647.8763314494856,5516.764991212081
2018-01-16,,3269.521017915706,1230.326171742168,5286.426713550358
2018-01-17,,3362.1615564308922,1450.1739836334843,5258.492711702319
2018-01-18,238.5,3558.8268816670075,1560.7538696612573,5543.354829346191
2018-01-19,119.25,3335.646212347131,1289.6895304137365,5226.910558996885
2018-01-20,159.0,3207.888119941765,1190.6280456747265,5335.748709436757
2018-01-21,357.75,3086.942450574405,1116.8669870142546,5012.352522797974
2018-01-22,119.25,2985.130657261774,1109.4366389707543,4959.638137228699
2018-01-23,119.25,2678.298872462193,845.7133998839548,4617.280857151134
2018-01-24,119.25,2727.21695793091,980.0510187605078,4641.535771105849
2018-01-25,198.75,2893.6574133721683,1061.5085296625673,4678.330840053433
2018-01-26,766.7100218999999,2654.1930845472884,701.1267269720877,4714.178206916917
2018-01-27,1079.1000365,2524.2146038557034,544.472421842136,4582.232881086326
2018-01-28,1510.7400510999998,2414.913844221671,521.8286502060624,4312.683619877697
2018-01-29,647.4600218999999,2338.103474431448,446.8723802863251,4254.26866653416
2018-01-30,863.2800292,2068.826620465478,237.265555970788,3997.914335474923
2018-01-31,1406.8500365,2166.779362813088,210.18449597583944,4005.980866027308
2018-02-01,,2392.4192778121787,477.3374171779012,4347.215060016147
2018-02-02,,2220.798143135905,285.4866651129894,4164.000664706968
2018-02-03,,2165.6187956990043,39.89352932095896,3960.53895403992
2018-02-04,,2136.261379759436,160.49674437456937,4088.7526156884405
2018-02-05,,2142.647960166988,309.11650877725344,4197.822644639581
2018-02-06,,1957.898351519119,-15.29757355316023,3785.6927019354844
2018-02-07,,2139.798729187432,165.14612244996226,3959.515713371308
2018-02-08,,2446.955086087535,515.6041282683233,4505.29993329354
2018-02-09,,2352.6685602646708,418.2589219328497,4208.864055672314
2018-02-10,,2369.0316030783265,425.7467344531079,4279.23938683123
2018-02-11,,2403.989309019929,513.7242793086143,4381.888024311082
2018-02-12,,2466.234089102597,514.0579101025197,4436.776715379335
2018-02-13,,2327.885887835764,508.1450039895764,4366.493025704985
2018-02-14,,2545.9790156448857,656.0622602134828,4567.800824662625
2018-02-15,,2878.62733330632,853.735538981364,4838.98818946132
2018-02-16,,2798.904658410807,954.5385288240813,4849.1812300373485
2018-02-17,,2818.9393817887835,721.796470420166,4859.69304519787
2018-02-18,,2846.9678025246735,923.9522588478944,4803.8667877153375
2018-02-19,,2892.2147124452904,969.6637765888239,4948.2181973544475
2018-02-20,,2727.553928118167,854.557217861605,4648.526973131314
2018-02-21,,2910.9704733663657,1018.0174172440163,4810.346952779939
2018-02-22,,3201.6968938626283,1240.2588384658088,4980.768143320325
2018-02-23,,3074.061410823989,1142.2232728297117,5064.7326772361575
2018-02-24,,3041.547806784677,1016.9299266969433,4978.631604601122
2018-02-25,,3013.812499911746,1002.1288854248178,4946.694180362169
2018-02-26,,3001.5283024761875,984.2941986481189,5074.50311477253
2018-02-27,,2779.0085172521935,986.7121874485268,4568.454592813147
2018-02-28,,2905.6339965786706,889.0607357885208,4713.800851378129
2018-03-01,,3141.9565096838214,1134.0004418393783,5069.479462905131
2018-03-02,,2963.516910115507,1188.3721209967712,4887.451523368683
2018-03-03,,2884.8786828131556,954.6394246408754,4903.283811730559
2018-03-04,,2816.622899763163,919.6264093871018,4792.451785053859
2018-03-05,,2770.1745256659187,859.5186394962125,4695.8575296261415
2018-03-06,,2520.414037884888,435.4903236237068,4395.529847380577
2018-03-07,,2627.097155625376,707.1329585724775,4680.013433707401
2018-03-08,,2850.956052976054,885.9144140145277,4805.839534867758
2018-03-09,,2667.5204383675123,824.0810849057863,4639.941118801312
2018-03-10,,2591.1588390536203,666.997489527103,4438.887012921585
2018-03-11,,2532.0857569841714,605.978143370528,4437.1292605405815
2018-03-12,,2501.2041664921567,639.9472930688498,4461.567381112929
2018-03-13,,2272.736754393705,306.59309725717685,4233.369620729805
2018-03-14,,2405.668059088558,296.41667920235693,4367.4096909271775
2018-03-15,,2659.870189812488,731.2313751626051,4700.071998082756
2018-03-16,,2509.9497805645624,704.5001606871266,4545.3482006935565
2018-03-17,,2469.3157757636855,640.5805122433857,4442.078409897799
2018-03-18,,2447.2129797381094,449.2777716396109,4326.566541763003
2018-03-19,,2453.590133582377,416.0674737574882,4449.509738773867
2018-03-20,,2261.755259210971,329.94688209908895,4187.611513301884
2018-03-21,,2429.839829519311,464.42860148440224,4472.317468705157
2018-03-22,,2716.9439259212754,782.5000337178656,4590.728232238065
2018-03-23,,2596.999607829439,700.4088670765334,4461.388838102384
2018-03-24,,2582.8517602891925,602.2802793919756,4528.809615320358
2018-03-25,,2583.301126356773,688.8834486075483,4582.480142380092
2018-03-26,,2607.978170491622,687.978831072254,4552.181070208344
2018-03-27,,2430.0005036271873,509.6996217743847,4309.083860673735
2018-03-28,,2607.4355244726353,586.3998734869181,4589.01605356293
2018-03-29,,2899.4406325583413,999.5310722024544,4848.891463893872
2018-03-30,,2780.11852159315,894.3623873439541,4773.249563987677
2018-03-31,,2762.587181950893,859.5130138352913,4768.335622942869
2018-04-01,,2756.0097468949593,787.4445817883757,4819.83220783438
2018-04-02,,2770.4533076914936,862.6107266480574,4755.708034473307
2018-04-03,,2579.5299422898674,699.7405151341832,4718.277448149223
2018-04-04,,2741.8421450713076,799.3731680074012,4692.447809713425
2018-04-05,,3017.105548784248,1123.3826746044158,4845.141438739877
2018-04-06,,2879.9869696395876,891.5492766346485,4923.016101843795
2018-04-07,,2844.1578986224754,909.85149361504,4835.874243749699
2018-04-08,,2819.309026027473,817.7880502769083,4790.938728798266
2018-04-09,,2815.9953229509038,834.4007292911118,4580.951236832892
2018-04-10,,2608.2652591775854,620.1028824770755,4654.572098054685
2018-04-11,,2755.0966081316938,697.7425115641761,4757.763718286705
2018-04-12,,3016.5119162437204,1066.625361873452,4970.90513208785
2018-04-13,,2867.411774115737,1013.8474904271592,4899.609328666969
2018-04-14,,2821.626038837207,955.8428477697963,4779.917141446195
2018-04-15,,2788.9285427059463,853.4696815379172,4804.287568448418
2018-04-16,,2779.8846867796833,750.4405092037093,4612.49423758148
2018-04-17,,2568.485306367176,624.6489722526721,4499.471407666357
2018-04-18,,2713.589008239622,847.8652327145127,4762.377832260205
2018-04-19,,2975.0457574202737,877.9053409376314,5035.90115770835
2018-04-20,,2827.5395140576693,857.4126386529543,4741.555886066354
2018-04-21,,2784.649707413966,826.6293244525926,4658.621642313268
2018-04-22,,2755.8767069460305,701.7111726613524,4620.646185171015
2018-04-23,,2751.500313044398,751.3606626318407,4654.363420965089
2018-04-24,,2545.224290202348,510.2944237549829,4441.944973168677
2018-04-25,,2695.6288008687125,802.3810883972767,4401.775154885199
2018-04-26,,2962.303209399939,965.9623804930285,4901.134051270409
2018-04-27,,2819.6967900450245,878.8282324471318,4794.459255063444
2018-04-28,,2781.186908611841,906.6382402957058,4881.122570303619
2018-04-29,,2756.109674926124,899.3468329535111,4706.018381919681
2018-04-30,,2754.6219838203588,914.9262499996812,4751.314474384988
2018-05-01,,2550.3479220850104,771.6846155413093,4450.110677352812
2018-05-02,,2701.83141324656,893.9923592938095,4780.451134995949
2018-05-03,,2968.667639685595,1172.6696256717905,5090.141337218707
2018-05-04,,2825.3508983460733,883.687492897025,4832.406378126855
2018-05-05,,2785.3386283327955,867.1793823300393,4729.254759944244
2018-05-06,,2758.0768151934,632.6763931431191,4650.085551493471
2018-05-07,,2753.8559279972583,788.9540150752346,4734.164681096897
2018-05-08,,2546.4506264623647,516.3509042973002,4376.362763025458
2018-05-09,,2694.5653816300373,629.9264287922689,4603.431665346361
2018-05-10,,2957.9588231704465,996.2608011585716,4904.3548477508375
2018-05-11,,2811.2847355017625,807.8845452414787,4811.074394043255
2018-05-12,,2768.149690078791,847.1069755723919,4718.064918177169
2018-05-13,,2738.1327426091975,804.2782082323498,4527.7319125173535
2018-05-14,,2731.6365427918936,810.4157180108721,4493.321636316595
2018-05-15,,2522.5232469607117,512.8307381276852,4528.449685322488
2018-05-16,,2669.5574873228247,832.4538498583113,4681.610520818478
2018-05-17,,2932.5292752990435,985.823126647022,4847.401332081938
2018-05-18,,2786.0947785079406,900.324805100331,4840.892727434115
2018-05-19,,2743.834929540794,936.3717446445902,4750.805433898729
2018-05-20,,2715.2772215929012,785.9646019263677,4681.27575875528
2018-05-21,,2710.749923976072,734.1489801069556,4723.6143881109965
2018-05-22,,2504.021957512173,465.747503820485,4529.375997019259
2018-05-23,,2653.750503496748,759.9530282231855,4509.807406512421
2018-05-24,,2919.609021325941,998.4466084013111,4863.656504465519
2018-05-25,,2776.133397375829,808.8213641415758,4805.601373027035
2018-05-26,,2736.7859601214996,774.6701698044045,4550.1224645180755
2018-05-27,,2710.982495565929,819.3965379036589,4788.215310090836
2018-05-28,,2708.951285506212,767.4609271705045,4677.435561305132
2018-05-29,,2504.377216324531,449.37586528280946,4499.956229292418
2018-05-30,,2655.8528650003213,759.8620756111346,4587.9984922479
2018-05-31,,2923.0091017530044,928.3177284448915,4780.103797245426
2018-06-01,,2780.3628325010463,895.7027414249415,4696.320555742229
2018-06-02,,2741.3815564322017,849.6136966371752,4738.727076977483
2018-06-03,,2715.509854928937,781.5876734270507,4620.2572155416665
2018-06-04,,2713.0268588773697,703.5429903813707,4624.489443288758
2018-06-05,,2507.6878078751192,610.9741611212711,4416.770039027365
2018-06-06,,2658.171712660257,647.2826103147192,4429.994291359544
2018-06-07,,2924.2077996367166,1009.1362994018041,4974.288774980573
2018-06-08,,2780.4185297530453,907.767783442694,4756.758987032019
2018-06-09,,2740.3790594160046,784.559741600814,4612.036451529166
2018-06-10,,2713.638468186437,767.7376065659497,4650.1781009268125
2018-06-11,,2710.572017097682,735.3823909352984,4690.829774553537
2018-06-12,,2505.0177681444543,580.7021287226958,4577.058067257624
2018-06-13,,2655.7197852799063,568.2011898274573,4528.631149761229
2018-06-14,,2922.45078888615,948.4806641699557,4767.689583444869
2018-06-15,,2779.852225698297,917.8007276249826,4645.166639708862
2018-06-16,,2741.491761585083,740.3381236365303,4563.262736266052
2018-06-17,,2716.8836260363964,882.6892963937572,4657.3864553106505
2018-06-18,,2716.341136308063,634.203008314107,4699.501134917443
2018-06-19,,2513.6147528910915,542.5686263094673,4372.068583550311
2018-06-20,,2667.3378633069383,572.7105498980161,4598.389336218105
2018-06-21,,2937.153098502986,844.6317327157029,4889.66439788092
2018-06-22,,2797.5570334880967,798.99342035064,4785.294877580573
2018-06-23,,2761.9631298498034,831.3604716363142,4751.4791247846915
2018-06-24,,2739.728164542789,791.0489379870413,4775.844214074698
2018-06-25,,2741.0112597390926,787.274460997388,4674.386543677049
2018-06-26,,2539.4186306695588,577.4073171066937,4452.024945109849
2018-06-27,,2693.456000163827,615.6248630990508,4678.153531347711
2018-06-28,,2962.6612309314773,1021.2622570922418,4911.649446868595
2018-06-29,,2821.454778023465,789.1090195670274,4753.260185275258
2018-06-30,,2783.207582927589,776.4004133953158,4663.4721065504245
2018-07-01,,2757.271439223772,901.3493567750522,4686.735545842295
2018-07-02,,2753.8407599727375,744.4281039906353,4642.294720636428
2018-07-03,,2546.598716248496,487.1171456459627,4565.099972460637
2018-07-04,,2694.1695912247624,802.6791589299714,4502.796700625432
2018-07-05,,2956.2498445410624,919.8587436154363,4923.66452733768
2018-07-06,,2807.455484283184,890.9924187153244,4764.082968040938
2018-07-07,,2761.385415641266,1009.7065498777112,4570.710218421127
2018-07-08,,2727.6458963206405,790.230320331547,4733.512000625382
2018-07-09,,2716.705179505101,708.0001041949248,4754.6252053665285
2018-07-10,,2502.531511150653,627.222466176983,4511.720441292524
2018-07-11,,2644.036564673659,571.5380470476886,4614.975506512542
2018-07-12,,2901.197080804362,1098.5425004811807,4987.677761010281
